,band_rem,class,precision,recall
0,wise,AGN,0.9178743961352657,0.9313725490196079
1,wise,STAR,0.9574468085106383,0.8881578947368421
2,wise,ULX,0.47058823529411764,0.5333333333333333
3,wise,XRB,0.6448598130841121,0.7931034482758621
4,wise,YSO,1.0,0.8235294117647058
